1,1,1,5,1,1,Enabled
2,1,1,5,411,2,Enabled
3,1,1,5,412,3,Enabled
4,1,1,5,413,4,Enabled
5,2,1,1,2,1,Enabled
6,2,1,1,414,2,Enabled
7,3,1,23,3,1,Enabled
8,3,1,23,415,2,Enabled
9,4,1,11,4,1,Enabled
10,4,1,11,416,2,Enabled
11,5,1,20,5,1,Enabled
12,6,1,8,6,1,Enabled
13,6,1,8,417,2,Enabled
14,6,1,8,418,3,Enabled
15,6,1,8,419,4,Enabled
16,6,1,8,420,5,Enabled
17,6,1,8,421,6,Enabled
18,7,1,22,7,1,Enabled
19,8,1,12,8,1,Enabled
20,8,1,12,402,2,Enabled
21,9,1,14,9,1,Enabled
22,9,1,14,403,2,Enabled
23,9,1,14,404,3,Enabled
24,10,1,18,10,1,Enabled
25,11,1,3,11,1,Enabled
26,11,1,3,422,2,Enabled
27,12,1,19,12,1,Enabled
28,13,1,15,13,1,Enabled
29,13,1,15,405,2,Enabled
30,14,1,10,14,1,Enabled
31,15,1,25,15,1,Enabled
32,15,1,25,423,2,Enabled
33,15,1,25,898,3,Enabled
34,16,1,1,16,1,Enabled
35,17,1,16,17,1,Enabled
36,17,1,16,424,2,Enabled
37,18,1,3,18,1,Enabled
38,19,1,5,19,1,Enabled
39,20,1,3,20,1,Enabled
40,20,1,3,1086,2,Enabled
41,21,1,17,21,1,Enabled
42,22,1,19,22,1,Enabled
43,23,1,1,23,1,Enabled
44,24,1,23,24,1,Enabled
45,25,1,1,25,1,Enabled
46,25,1,1,425,2,Enabled
47,25,1,1,426,3,Enabled
48,25,1,1,899,4,Enabled
49,25,1,1,900,5,Enabled
50,26,1,23,26,1,Enabled
51,26,1,23,427,2,Enabled
52,26,1,23,901,3,Enabled
53,27,1,1,27,1,Enabled
54,27,1,1,428,2,Enabled
55,27,1,1,429,3,Enabled
56,28,1,23,28,1,Enabled
57,28,1,23,430,2,Enabled
58,28,1,23,431,3,Enabled
59,29,1,5,29,1,Enabled
60,30,1,18,30,1,Enabled
61,31,1,25,31,1,Enabled
62,32,1,8,32,1,Enabled
63,33,1,13,33,1,Enabled
64,34,1,15,34,1,Enabled
65,34,1,15,406,2,Enabled
66,35,1,24,35,1,Enabled
67,35,1,24,407,2,Enabled
68,36,1,12,36,1,Enabled
69,36,1,12,408,2,Enabled
70,37,1,14,37,1,Enabled
71,37,1,14,409,2,Enabled
72,37,1,14,410,3,Enabled
73,38,1,10,38,1,Enabled
74,38,1,10,432,2,Enabled
75,38,1,10,433,3,Enabled
76,39,1,20,39,1,Enabled
77,40,1,16,40,1,Enabled
78,40,1,16,434,2,Enabled
79,41,1,7,41,1,Enabled
80,41,1,7,435,2,Enabled
81,42,1,17,42,1,Enabled
82,43,1,25,43,1,Enabled
83,44,1,1,44,1,Enabled
84,45,1,23,45,1,Enabled
85,46,1,16,46,1,Enabled
86,46,1,16,436,2,Enabled
87,47,1,7,47,1,Enabled
88,47,1,7,437,2,Enabled
89,48,1,18,48,1,Enabled
90,49,1,5,49,1,Enabled
91,50,1,18,50,1,Enabled
92,51,1,8,51,1,Enabled
93,52,1,13,52,1,Enabled
94,53,1,15,53,1,Enabled
95,54,1,24,54,1,Enabled
96,54,1,24,438,2,Enabled
97,55,1,12,55,1,Enabled
98,56,1,18,56,1,Enabled
99,56,1,18,1046,2,Enabled
100,56,1,18,1047,3,Enabled
101,57,1,11,57,1,Enabled
102,58,1,10,58,1,Enabled
103,58,1,10,439,2,Enabled
104,58,1,10,440,3,Enabled
105,59,1,6,59,1,Enabled
106,60,1,20,60,1,Enabled
107,61,1,10,61,1,Enabled
108,61,1,10,441,2,Enabled
109,61,1,10,442,3,Enabled
110,62,1,10,62,1,Enabled
111,62,1,10,443,2,Enabled
112,62,1,10,444,3,Enabled
113,63,1,18,63,1,Enabled
114,64,1,1,64,1,Enabled
115,65,1,17,65,1,Enabled
116,66,1,1,66,1,Enabled
117,67,1,23,67,1,Enabled
118,68,1,16,68,1,Enabled
119,69,1,7,69,1,Enabled
120,70,1,18,70,1,Enabled
121,71,1,2,71,1,Enabled
122,72,1,18,72,1,Enabled
123,73,1,12,73,1,Enabled
124,74,1,12,74,1,Enabled
125,75,1,13,75,1,Enabled
126,76,1,19,76,1,Enabled
127,77,1,15,77,1,Enabled
128,78,1,14,78,1,Enabled
129,78,1,14,1048,2,Enabled
130,78,1,14,1049,3,Enabled
131,79,1,24,79,1,Enabled
132,80,1,11,80,1,Enabled
133,81,1,10,81,1,Enabled
134,82,1,10,82,1,Enabled
135,83,1,10,83,1,Enabled
136,84,1,10,84,1,Enabled
137,85,1,6,85,1,Enabled
138,86,1,1,86,1,Enabled
139,86,1,1,1050,2,Enabled
140,86,1,1,1051,3,Enabled
141,87,1,20,87,1,Enabled
142,88,1,25,88,1,Enabled
143,89,1,11,89,1,Enabled
144,90,1,6,90,1,Enabled
145,91,1,1,91,1,Enabled
146,92,1,1,92,1,Enabled
147,92,1,1,1052,2,Enabled
148,92,1,1,1053,3,Enabled
149,93,1,16,93,1,Enabled
150,94,1,16,94,1,Enabled
151,95,1,7,95,1,Enabled
152,96,1,7,96,1,Enabled
153,97,1,18,97,1,Enabled
154,98,1,17,98,1,Enabled
155,99,1,10,99,1,Enabled
156,100,1,10,100,1,Enabled
157,101,1,10,101,1,Enabled
158,102,1,10,102,1,Enabled
159,102,1,10,1054,2,Enabled
160,103,1,18,103,1,Enabled
161,104,1,2,104,1,Enabled
162,105,1,12,105,1,Enabled
163,106,1,12,106,1,Enabled
164,107,1,19,107,1,Enabled
165,108,1,4,108,1,Enabled
166,109,1,21,109,1,Enabled
167,110,1,14,110,1,Enabled
168,110,1,14,1055,2,Enabled
169,110,1,14,1056,3,Enabled
170,111,1,24,111,1,Enabled
171,112,1,20,112,1,Enabled
172,113,1,17,113,1,Enabled
173,114,1,17,114,1,Enabled
174,115,1,17,115,1,Enabled
175,116,1,9,116,1,Enabled
176,116,1,9,1057,2,Enabled
177,116,1,9,1058,3,Enabled
178,117,1,15,117,1,Enabled
179,118,1,4,118,1,Enabled
180,119,1,24,119,1,Enabled
181,120,1,1,120,1,Enabled
182,121,1,1,121,1,Enabled
183,121,1,1,1059,2,Enabled
184,121,1,1,1060,3,Enabled
185,122,1,16,122,1,Enabled
186,123,1,7,123,1,Enabled
187,124,1,13,124,1,Enabled
188,125,1,17,125,1,Enabled
189,126,1,16,126,1,Enabled
190,127,1,2,127,1,Enabled
191,128,1,12,128,1,Enabled
192,129,1,12,129,1,Enabled
193,130,1,20,130,1,Enabled
194,131,1,10,131,1,Enabled
195,132,1,10,132,1,Enabled
196,133,1,10,133,1,Enabled
197,134,1,10,134,1,Enabled
198,134,1,10,1061,2,Enabled
199,135,1,18,135,1,Enabled
200,136,1,14,136,1,Enabled
201,136,1,14,1062,2,Enabled
202,136,1,14,1063,3,Enabled
203,137,1,11,137,1,Enabled
204,138,1,21,138,1,Enabled
205,139,1,20,139,1,Enabled
206,140,2,26,140,1,Enabled
207,140,2,26,902,2,Enabled
208,141,2,26,141,1,Enabled
209,142,2,26,142,1,Enabled
210,143,2,27,143,1,Enabled
211,143,2,27,903,2,Enabled
212,144,2,27,144,1,Enabled
213,145,2,26,145,1,Enabled
214,145,2,26,904,2,Enabled
215,146,2,32,146,1,Enabled
216,147,2,28,147,1,Enabled
217,147,2,28,1064,2,Enabled
218,147,2,28,1065,3,Enabled
219,148,2,31,148,1,Enabled
220,149,2,28,149,1,Enabled
221,150,2,35,150,1,Enabled
222,151,2,31,151,1,Enabled
223,152,2,29,152,1,Enabled
224,153,2,29,153,1,Enabled
225,154,2,29,154,1,Enabled
226,154,2,29,905,2,Enabled
227,155,2,31,155,1,Enabled
228,156,2,31,156,1,Enabled
229,156,2,31,906,2,Enabled
230,157,2,31,157,1,Enabled
231,158,2,33,158,1,Enabled
232,158,2,33,907,2,Enabled
233,159,2,29,159,1,Enabled
234,159,2,29,908,2,Enabled
235,160,2,36,160,1,Enabled
236,161,2,33,161,1,Enabled
237,161,2,33,909,2,Enabled
238,161,2,33,910,3,Enabled
239,162,2,31,162,1,Enabled
240,163,2,33,163,1,Enabled
241,163,2,33,911,2,Enabled
242,164,2,26,164,1,Enabled
243,164,2,26,912,2,Enabled
244,165,2,26,165,1,Enabled
245,165,2,26,913,2,Enabled
246,165,2,26,914,3,Enabled
247,166,2,26,166,1,Enabled
248,166,2,26,915,2,Enabled
249,166,2,26,916,3,Enabled
250,166,2,26,917,4,Enabled
251,167,2,26,167,1,Enabled
252,168,2,32,168,1,Enabled
253,169,2,31,169,1,Enabled
254,169,2,31,918,2,Enabled
255,169,2,31,919,3,Enabled
256,170,2,32,170,1,Enabled
257,171,2,32,171,1,Enabled
258,171,2,32,920,2,Enabled
259,172,2,32,172,1,Enabled
260,173,2,32,173,1,Enabled
261,173,2,32,921,2,Enabled
262,173,2,32,922,3,Enabled
263,173,2,32,923,4,Enabled
264,174,2,32,174,1,Enabled
265,175,2,32,175,1,Enabled
266,176,2,27,176,1,Enabled
267,176,2,27,924,2,Enabled
268,177,2,27,177,1,Enabled
269,178,2,27,178,1,Enabled
270,179,2,28,179,1,Enabled
271,180,2,28,180,1,Enabled
272,180,2,28,925,2,Enabled
273,181,2,28,181,1,Enabled
274,182,2,28,182,1,Enabled
275,182,2,28,926,2,Enabled
276,182,2,28,927,3,Enabled
277,183,2,27,183,1,Enabled
278,184,2,29,184,1,Enabled
279,185,2,29,185,1,Enabled
280,185,2,29,928,2,Enabled
281,186,2,29,186,1,Enabled
282,187,2,29,187,1,Enabled
283,188,2,38,188,1,Enabled
284,189,2,35,189,1,Enabled
285,190,2,36,190,1,Enabled
286,191,2,33,191,1,Enabled
287,191,2,33,929,2,Enabled
288,191,2,33,930,3,Enabled
289,192,2,31,192,1,Enabled
290,193,2,33,193,1,Enabled
291,193,2,33,931,2,Enabled
292,193,2,33,932,3,Enabled
293,194,2,26,194,1,Enabled
294,194,2,26,933,2,Enabled
295,195,2,26,195,1,Enabled
296,195,2,26,934,2,Enabled
297,195,2,26,935,3,Enabled
298,196,2,26,196,1,Enabled
299,196,2,26,936,2,Enabled
300,196,2,26,937,3,Enabled
301,196,2,26,938,4,Enabled
302,197,2,26,197,1,Enabled
303,198,2,32,198,1,Enabled
304,199,2,31,199,1,Enabled
305,199,2,31,939,2,Enabled
306,199,2,31,940,3,Enabled
307,200,2,32,200,1,Enabled
308,201,2,32,201,1,Enabled
309,201,2,32,941,2,Enabled
310,202,2,32,202,1,Enabled
311,203,2,32,203,1,Enabled
312,203,2,32,942,2,Enabled
313,203,2,32,943,3,Enabled
314,203,2,32,944,4,Enabled
315,204,2,32,204,1,Enabled
316,204,2,32,1066,2,Enabled
317,204,2,32,1067,3,Enabled
318,204,2,32,1068,4,Enabled
319,205,2,32,205,1,Enabled
320,205,2,32,1069,2,Enabled
321,206,2,27,206,1,Enabled
322,207,2,27,207,1,Enabled
323,208,2,27,208,1,Enabled
324,209,2,28,209,1,Enabled
325,210,2,28,210,1,Enabled
326,210,2,28,945,2,Enabled
327,211,2,28,211,1,Enabled
328,212,2,28,212,1,Enabled
329,212,2,28,946,2,Enabled
330,212,2,28,947,3,Enabled
331,213,2,28,213,1,Enabled
332,213,2,28,948,2,Enabled
333,214,2,28,214,1,Enabled
334,215,2,31,215,1,Enabled
335,216,2,27,216,1,Enabled
336,217,2,31,217,1,Enabled
337,218,2,31,218,1,Enabled
338,219,2,29,219,1,Enabled
339,220,2,29,220,1,Enabled
340,220,2,29,949,2,Enabled
341,221,2,29,221,1,Enabled
342,222,2,29,222,1,Enabled
343,223,2,29,223,1,Enabled
344,224,2,38,224,1,Enabled
345,225,2,35,225,1,Enabled
346,226,2,36,226,1,Enabled
347,227,2,35,227,1,Enabled
348,228,2,36,228,1,Enabled
349,229,2,36,229,1,Enabled
350,230,2,36,230,1,Enabled
351,231,2,33,231,1,Enabled
352,232,2,36,232,1,Enabled
353,233,2,35,233,1,Enabled
354,234,2,30,234,1,Enabled
355,235,2,33,235,1,Enabled
356,235,2,33,950,2,Enabled
357,235,2,33,951,3,Enabled
358,236,2,31,236,1,Enabled
359,237,2,33,237,1,Enabled
360,237,2,33,952,2,Enabled
361,237,2,33,953,3,Enabled
362,238,2,26,238,1,Enabled
363,238,2,26,954,2,Enabled
364,239,2,26,239,1,Enabled
365,239,2,26,955,2,Enabled
366,239,2,26,956,3,Enabled
367,240,2,26,240,1,Enabled
368,240,2,26,957,2,Enabled
369,240,2,26,958,3,Enabled
370,240,2,26,959,4,Enabled
371,241,2,26,241,1,Enabled
372,242,2,32,242,1,Enabled
373,243,2,31,243,1,Enabled
374,243,2,31,960,2,Enabled
375,243,2,31,961,3,Enabled
376,244,2,31,244,1,Enabled
377,245,2,31,245,1,Enabled
378,245,2,31,962,2,Enabled
379,246,2,31,246,1,Enabled
380,246,2,31,963,2,Enabled
381,247,2,31,247,1,Enabled
382,247,2,31,964,2,Enabled
383,247,2,31,965,3,Enabled
384,247,2,31,966,4,Enabled
385,248,2,31,248,1,Enabled
386,249,2,32,249,1,Enabled
387,250,2,31,250,1,Enabled
388,251,2,31,251,1,Enabled
389,252,2,31,252,1,Enabled
390,252,2,31,967,2,Enabled
391,252,2,31,968,3,Enabled
392,252,2,31,969,4,Enabled
393,253,2,27,253,1,Enabled
394,253,2,27,970,2,Enabled
395,254,2,27,254,1,Enabled
396,255,2,27,255,1,Enabled
397,256,2,27,256,1,Enabled
398,257,2,28,257,1,Enabled
399,258,2,28,258,1,Enabled
400,258,2,28,971,2,Enabled
401,258,2,28,1075,3,Enabled
402,259,2,28,259,1,Enabled
403,259,2,28,1076,2,Enabled
404,260,2,28,260,1,Enabled
405,260,2,28,972,2,Enabled
406,260,2,28,973,3,Enabled
407,260,2,28,1077,4,Enabled
408,260,2,28,1078,5,Enabled
409,261,2,28,261,1,Enabled
410,262,2,28,262,1,Enabled
411,263,2,31,263,1,Enabled
412,264,2,27,264,1,Enabled
413,265,2,31,265,1,Enabled
414,266,2,31,266,1,Enabled
415,267,2,29,267,1,Enabled
416,268,2,29,268,1,Enabled
417,268,2,29,974,2,Enabled
418,269,2,29,269,1,Enabled
419,269,2,29,975,2,Enabled
420,270,2,29,270,1,Enabled
421,271,2,37,271,1,Enabled
422,272,2,38,272,1,Enabled
423,273,2,35,273,1,Enabled
424,274,2,36,274,1,Enabled
425,275,2,35,275,1,Enabled
426,276,2,36,276,1,Enabled
427,277,2,36,277,1,Enabled
428,278,2,36,278,1,Enabled
429,279,2,,279,1,Enabled
430,280,2,29,280,1,Enabled
431,281,2,30,281,1,Enabled
432,282,2,30,282,1,Enabled
433,283,2,30,283,1,Enabled
434,284,2,33,284,1,Enabled
435,284,2,33,976,2,Enabled
436,284,2,33,977,3,Enabled
437,285,2,31,285,1,Enabled
438,286,2,33,286,1,Enabled
439,286,2,33,978,2,Enabled
440,286,2,33,979,3,Enabled
441,288,2,26,288,1,Enabled
442,288,2,26,983,2,Enabled
443,289,2,26,289,1,Enabled
444,289,2,26,984,2,Enabled
445,289,2,26,985,3,Enabled
446,289,2,26,986,4,Enabled
447,289,2,26,987,5,Enabled
448,290,2,26,290,1,Enabled
449,291,2,31,291,1,Enabled
450,291,2,31,988,2,Enabled
451,291,2,31,989,3,Enabled
452,292,2,31,292,1,Enabled
453,293,2,31,293,1,Enabled
454,294,2,32,294,1,Enabled
455,295,2,31,295,1,Enabled
456,296,2,31,296,1,Enabled
457,297,2,31,297,1,Enabled
458,298,2,27,298,1,Enabled
459,299,2,27,299,1,Enabled
460,300,2,27,300,1,Enabled
461,301,2,27,301,1,Enabled
462,302,2,28,302,1,Enabled
463,302,2,28,990,2,Enabled
464,303,2,28,303,1,Enabled
465,303,2,28,991,2,Enabled
466,303,2,28,992,3,Enabled
467,304,2,28,304,1,Enabled
468,305,2,28,305,1,Enabled
469,306,2,31,306,1,Enabled
470,306,2,31,1079,2,Enabled
471,307,2,27,307,1,Enabled
472,307,2,27,1080,2,Enabled
473,308,2,31,308,1,Enabled
474,309,2,31,309,1,Enabled
475,310,2,31,310,1,Enabled
476,311,2,29,311,1,Enabled
477,312,2,29,312,1,Enabled
478,313,2,29,313,1,Enabled
479,313,2,29,1081,2,Enabled
480,314,2,36,314,1,Enabled
481,315,2,35,315,1,Enabled
482,316,2,36,316,1,Enabled
483,316,2,36,993,2,Enabled
484,316,2,36,994,3,Enabled
485,316,2,36,1082,4,Enabled
486,317,2,38,317,1,Enabled
487,318,2,35,318,1,Enabled
488,319,2,36,319,1,Enabled
489,320,2,36,320,1,Enabled
490,321,2,36,321,1,Enabled
491,322,2,36,322,1,Enabled
492,323,2,36,323,1,Enabled
493,324,2,35,324,1,Enabled
494,325,2,35,325,1,Enabled
495,326,2,30,326,1,Enabled
496,327,2,37,327,1,Enabled
497,328,2,29,328,1,Enabled
498,328,2,29,995,2,Enabled
499,329,2,37,329,1,Enabled
500,330,2,29,330,1,Enabled
501,330,2,29,996,2,Enabled
502,331,2,29,331,1,Enabled
503,332,2,29,332,1,Enabled
504,333,2,29,333,1,Enabled
505,334,2,29,334,1,Enabled
506,335,2,37,335,1,Enabled
507,336,2,33,336,1,Enabled
508,336,2,33,997,2,Enabled
509,336,2,33,998,3,Enabled
510,337,2,31,337,1,Enabled
511,338,2,33,338,1,Enabled
512,338,2,33,999,2,Enabled
513,338,2,33,1000,3,Enabled
514,339,2,33,339,1,Enabled
515,339,2,33,1001,2,Enabled
516,339,2,33,1002,3,Enabled
517,339,2,33,1003,4,Enabled
518,340,2,27,340,1,Enabled
519,341,2,27,341,1,Enabled
520,342,2,31,342,1,Enabled
521,343,2,31,343,1,Enabled
522,343,2,31,1004,2,Enabled
523,343,2,31,1005,3,Enabled
524,344,2,26,344,1,Enabled
525,344,2,26,1006,2,Enabled
526,345,2,26,345,1,Enabled
527,345,2,26,1007,2,Enabled
528,345,2,26,1008,3,Enabled
529,345,2,26,1009,4,Enabled
530,345,2,26,1010,5,Enabled
531,346,2,26,346,1,Enabled
532,347,2,27,347,1,Enabled
533,348,2,27,348,1,Enabled
534,349,2,27,349,1,Enabled
535,350,2,27,350,1,Enabled
536,350,2,27,1011,2,Enabled
537,351,2,31,351,1,Enabled
538,352,2,32,352,1,Enabled
539,353,2,31,353,1,Enabled
540,354,2,31,354,1,Enabled
541,355,2,32,355,1,Enabled
542,356,2,31,356,1,Enabled
543,356,2,31,1012,2,Enabled
544,356,2,31,1013,3,Enabled
545,356,2,31,1014,4,Enabled
546,356,2,31,1015,5,Enabled
547,357,2,28,357,1,Enabled
548,357,2,28,1016,2,Enabled
549,357,2,28,1083,3,Enabled
550,358,2,31,358,1,Enabled
551,358,2,31,1084,2,Enabled
552,359,2,28,359,1,Enabled
553,359,2,28,1085,2,Enabled
554,360,2,28,360,1,Enabled
555,361,2,28,361,1,Enabled
556,362,2,28,362,1,Enabled
557,363,2,27,363,1,Enabled
558,364,2,31,364,1,Enabled
559,365,2,31,365,1,Enabled
560,366,2,31,366,1,Enabled
561,367,2,31,367,1,Enabled
562,368,2,36,368,1,Enabled
563,369,2,35,369,1,Enabled
564,370,2,36,370,1,Enabled
565,370,2,36,1017,2,Enabled
566,370,2,36,1018,3,Enabled
567,370,2,36,1070,4,Enabled
568,371,2,35,371,1,Enabled
569,372,2,38,372,1,Enabled
570,373,2,35,373,1,Enabled
571,374,2,36,374,1,Enabled
572,374,2,36,1019,2,Enabled
573,375,2,36,375,1,Enabled
574,376,2,36,376,1,Enabled
575,377,2,36,377,1,Enabled
576,378,2,35,378,1,Enabled
577,379,2,35,379,1,Enabled
578,380,2,30,380,1,Enabled
579,381,2,30,381,1,Enabled
580,382,2,30,382,1,Enabled
581,383,2,37,383,1,Enabled
582,384,2,37,384,1,Enabled
583,385,2,36,385,1,Enabled
584,386,2,29,386,1,Enabled
585,387,2,28,387,1,Enabled
586,388,2,36,388,1,Enabled
587,389,2,31,389,1,Enabled
588,389,2,31,1020,2,Enabled
589,390,2,31,390,1,Enabled
590,391,2,31,391,1,Enabled
591,391,2,31,1021,2,Enabled
592,392,2,31,392,1,Enabled
593,392,2,31,1022,2,Enabled
594,393,2,31,393,1,Enabled
595,393,2,31,1023,2,Enabled
596,394,2,31,394,1,Enabled
597,395,2,31,395,1,Enabled
598,395,2,31,1024,2,Enabled
599,395,2,31,1025,3,Enabled
600,395,2,31,1026,4,Enabled
601,396,2,31,396,1,Enabled
602,397,2,31,397,1,Enabled
603,397,2,31,1027,2,Enabled
604,398,2,31,398,1,Enabled
605,399,2,31,399,1,Enabled
606,399,2,31,1028,2,Enabled
607,400,2,8,400,1,Enabled
608,401,2,9,401,1,Enabled
609,401,2,9,1087,2,Enabled
610,402,2,38,445,1,Enabled
611,403,3,39,446,1,Enabled
612,404,3,40,447,1,Enabled
613,405,3,41,448,1,Enabled
614,406,3,42,449,1,Enabled
615,407,3,43,450,1,Enabled
616,408,3,44,451,1,Enabled
617,409,3,39,452,1,Enabled
618,410,3,40,453,1,Enabled
619,411,3,41,454,1,Enabled
620,412,3,42,455,1,Enabled
621,413,3,43,456,1,Enabled
622,414,3,44,457,1,Enabled
623,415,3,39,458,1,Enabled
624,416,3,40,459,1,Enabled
625,417,3,41,460,1,Enabled
626,418,3,42,461,1,Enabled
627,419,3,43,462,1,Enabled
628,420,3,44,463,1,Enabled
629,421,3,39,464,1,Enabled
630,422,3,40,465,1,Enabled
631,423,3,41,466,1,Enabled
632,424,3,42,467,1,Enabled
633,425,3,43,468,1,Enabled
634,426,3,44,469,1,Enabled
635,427,3,39,470,1,Enabled
636,428,3,40,471,1,Enabled
637,429,3,41,472,1,Enabled
638,430,3,42,473,1,Enabled
639,431,3,43,474,1,Enabled
640,432,3,44,475,1,Enabled
641,433,3,39,476,1,Enabled
642,434,3,40,477,1,Enabled
643,435,3,41,478,1,Enabled
644,436,3,42,479,1,Enabled
645,437,3,43,480,1,Enabled
646,438,3,44,481,1,Enabled
647,439,4,45,482,1,Enabled
648,440,4,46,483,1,Enabled
649,441,4,50,484,1,Enabled
650,442,4,51,485,1,Enabled
651,443,4,52,486,1,Enabled
652,444,4,0,487,1,Enabled
653,445,4,0,488,1,Enabled
654,446,4,0,489,1,Enabled
655,447,4,0,490,1,Enabled
656,448,4,0,491,1,Enabled
657,500,2,29,543,1,Enabled
658,501,2,31,544,1,Enabled
659,501,2,31,1029,2,Enabled
660,502,1,47,545,1,Enabled
661,503,1,48,546,1,Enabled
662,504,1,3,547,1,Enabled
663,505,1,47,548,1,Enabled
664,506,1,10,549,1,Enabled
665,507,1,10,550,1,Enabled
666,508,1,18,551,1,Enabled
667,509,1,9,552,1,Enabled
668,509,1,9,1088,2,Enabled
669,510,1,16,553,1,Enabled
670,511,1,18,554,1,Enabled
671,511,1,18,1045,2,Enabled
672,512,1,2,555,1,Enabled
673,513,1,23,556,1,Enabled
674,514,1,1,557,1,Enabled
675,515,1,1,558,1,Enabled
676,516,1,1,559,1,Enabled
677,517,1,3,560,1,Enabled
678,518,1,23,561,1,Enabled
679,519,1,23,562,1,Enabled
680,520,1,3,563,1,Enabled
681,521,1,3,564,1,Enabled
682,522,1,5,565,1,Enabled
683,523,1,1,566,1,Enabled
684,524,1,5,567,1,Enabled
685,525,1,10,568,1,Enabled
686,526,1,6,569,1,Enabled
687,528,1,11,571,1,Enabled
688,529,1,6,572,1,Enabled
689,533,1,2,576,1,Enabled
690,534,1,6,577,1,Enabled
691,539,1,2,582,1,Enabled
692,540,1,2,583,1,Enabled
693,541,1,2,584,1,Enabled
694,542,1,2,585,1,Enabled
695,543,1,2,586,1,Enabled
696,544,1,18,587,1,Enabled
697,600,2,32,643,1,Enabled
698,601,2,32,644,1,Enabled
699,601,2,32,1071,2,Enabled
700,602,2,28,645,1,Enabled
701,602,2,28,1030,2,Enabled
702,603,2,28,646,1,Enabled
703,604,2,33,647,1,Enabled
704,604,2,33,1031,2,Enabled
705,605,2,26,648,1,Enabled
706,605,2,26,1032,2,Enabled
707,605,2,26,1033,3,Enabled
708,606,2,29,649,1,Enabled
709,607,2,29,650,1,Enabled
710,607,2,29,1072,2,Enabled
711,608,2,29,651,1,Enabled
712,608,2,29,1034,2,Enabled
713,609,2,0,652,1,Enabled
714,610,2,29,653,1,Enabled
715,611,2,32,654,1,Enabled
716,612,2,36,655,1,Enabled
717,613,2,26,656,1,Enabled
718,613,2,26,1035,2,Enabled
719,613,2,26,1036,3,Enabled
720,614,2,29,657,1,Enabled
721,615,2,29,658,1,Enabled
722,615,2,29,1073,2,Enabled
723,616,2,29,659,1,Enabled
724,616,2,29,1037,2,Enabled
725,617,2,0,660,1,Enabled
726,618,2,29,661,1,Enabled
727,619,2,32,662,1,Enabled
728,620,2,36,663,1,Enabled
729,621,2,26,664,1,Enabled
730,621,2,26,1038,2,Enabled
731,621,2,26,1039,3,Enabled
732,622,2,29,665,1,Enabled
733,623,2,29,666,1,Enabled
734,623,2,29,1074,2,Enabled
735,624,2,29,667,1,Enabled
736,624,2,29,1040,2,Enabled
737,625,2,0,668,1,Enabled
738,626,2,29,669,1,Enabled
739,627,2,32,670,1,Enabled
740,628,2,36,671,1,Enabled
741,629,2,30,672,1,Enabled
742,630,2,36,673,1,Enabled
743,631,1,2,674,1,Enabled
744,632,1,2,675,1,Enabled
745,633,2,35,676,1,Enabled
746,634,2,35,677,1,Enabled
747,635,2,36,678,1,Enabled
748,636,2,36,679,1,Enabled
749,701,2,26,744,1,Enabled
750,701,2,26,1044,2,Enabled
751,702,2,33,745,1,Enabled
752,703,2,36,746,1,Enabled
753,704,2,36,747,1,Enabled
754,705,2,30,748,1,Enabled
755,706,2,32,749,1,Enabled
756,712,1,5,755,1,Enabled
757,713,1,1,756,1,Enabled
758,714,1,23,757,1,Enabled
759,720,2,29,763,1,Enabled
760,721,2,31,764,1,Enabled
761,721,2,31,1041,2,Enabled
762,722,2,28,765,1,Enabled
763,722,2,28,1042,2,Enabled
764,722,2,28,1043,3,Enabled
765,723,2,31,766,1,Enabled
766,724,2,31,767,1,Enabled